match_id,season,venue,team1,team2,toss_winner,toss_decision,winner
20,2017/18,Lilac Hill Park,Sydney Sixers,Perth Scorchers,Sydney Sixers,bat,Perth Scorchers
20,2022/23,"Allan Border Field, Brisbane",Perth Scorchers,Adelaide Strikers,Perth Scorchers,bat,Adelaide Strikers
51,2023/24,"Bellerive Oval, Hobart",Hobart Hurricanes,Melbourne Renegades,Melbourne Renegades,field,Hobart Hurricanes
10,2018/19,West Park Oval,Hobart Hurricanes,Melbourne Stars,Hobart Hurricanes,bat,Hobart Hurricanes
17,2017/18,W.A.C.A. Ground,Melbourne Stars,Perth Scorchers,Perth Scorchers,field,Perth Scorchers
52,2019/20,Lilac Hill Park,Perth Scorchers,Hobart Hurricanes,Hobart Hurricanes,field,Hobart Hurricanes
53,2018/19,Cazaly's Stadium,Brisbane Heat,Sydney Thunder,Brisbane Heat,field,Brisbane Heat
15,2020/21,Sydney Showground Stadium,Melbourne Renegades,Sydney Sixers,Sydney Sixers,field,Sydney Sixers
19,2024/25,"Junction Oval, Melbourne",Melbourne Renegades,Melbourne Stars,Melbourne Stars,field,Melbourne Renegades
23,2016/17,Sydney Showground Stadium,Sydney Sixers,Sydney Thunder,Sydney Thunder,field,Sydney Sixers
51,2018/19,Traeger Park,Adelaide Strikers,Perth Scorchers,Adelaide Strikers,bat,Adelaide Strikers
40,2016/17,Melbourne Cricket Ground,Adelaide Strikers,Melbourne Stars,Melbourne Stars,field,Melbourne Stars
3,2018/19,Junction Oval,Adelaide Strikers,Brisbane Heat,Brisbane Heat,field,Adelaide Strikers
36,2017/18,Harrup Park,Brisbane Heat,Melbourne Stars,Brisbane Heat,bat,Melbourne Stars
4,2021/22,"Bellerive Oval, Hobart",Hobart Hurricanes,Sydney Sixers,Sydney Sixers,field,Sydney Sixers
10,2020/21,Drummoyne Oval,Melbourne Renegades,Perth Scorchers,Perth Scorchers,field,Perth Scorchers
31,2023/24,"Allan Border Field, Brisbane",Perth Scorchers,Brisbane Heat,Brisbane Heat,field,Perth Scorchers
15,2024/25,"Bellerive Oval, Hobart",Sydney Sixers,Hobart Hurricanes,Hobart Hurricanes,field,Sydney Sixers
2023-12-02,2023/24,Adelaide Oval,Adelaide Strikers,Brisbane Heat,Adelaide Strikers,bat,Adelaide Strikers
28,2020/21,Hurstville Oval,Perth Scorchers,Sydney Sixers,Perth Scorchers,bat,Perth Scorchers
55,2021/22,Adelaide Oval,Sydney Sixers,Perth Scorchers,Sydney Sixers,bat,Perth Scorchers
42,2023/24,"Allan Border Field, Brisbane",Melbourne Stars,Hobart Hurricanes,Hobart Hurricanes,field,Hobart Hurricanes
47,2021/22,"Karen Rolton Oval, Adelaide",Perth Scorchers,Adelaide Strikers,Perth Scorchers,bat,Perth Scorchers
55,2016/17,North Sydney Oval,Sydney Sixers,Melbourne Renegades,Melbourne Renegades,field,Sydney Sixers
12,2024/25,"Junction Oval, Melbourne",Hobart Hurricanes,Melbourne Stars,Hobart Hurricanes,bat,Melbourne Stars
31,2018/19,Sydney Cricket Ground,Sydney Sixers,Melbourne Renegades,Melbourne Renegades,bat,Sydney Sixers
9,2018/19,North Sydney Oval,Sydney Sixers,Sydney Thunder,Sydney Sixers,bat,Sydney Sixers
38,2016/17,Sydney Cricket Ground,Perth Scorchers,Sydney Sixers,Perth Scorchers,bat,Sydney Sixers
46,2017/18,Casey Fields No. 4,Melbourne Stars,Sydney Sixers,Melbourne Stars,bat,Sydney Sixers
53,2022/23,"Ted Summerton Reserve, Moe",Perth Scorchers,Melbourne Renegades,Melbourne Renegades,field,Melbourne Renegades
11,2022/23,"Western Australia Cricket Association Ground, Perth",Melbourne Stars,Perth Scorchers,Perth Scorchers,field,Perth Scorchers
48,2019/20,Allan Border Field,Brisbane Heat,Melbourne Renegades,Melbourne Renegades,field,Melbourne Renegades
56,2021/22,Adelaide Oval,Adelaide Strikers,Melbourne Stars,Adelaide Strikers,bat,Melbourne Stars
8,2023/24,"Junction Oval, Melbourne",Melbourne Stars,Adelaide Strikers,Melbourne Stars,bat,Adelaide Strikers
51,2019/20,Hurstville Oval,Sydney Sixers,Adelaide Strikers,Sydney Sixers,bat,Adelaide Strikers
34,2021/22,Adelaide Oval,Sydney Thunder,Brisbane Heat,Sydney Thunder,bat,Brisbane Heat
25,2020/21,Hurstville Oval,Sydney Thunder,Hobart Hurricanes,Hobart Hurricanes,field,Sydney Thunder
33,2021/22,"Western Australia Cricket Association Ground, Perth",Hobart Hurricanes,Perth Scorchers,Hobart Hurricanes,bat,Hobart Hurricanes
2024-12-01,2024/25,Melbourne Cricket Ground,Melbourne Renegades,Brisbane Heat,Brisbane Heat,field,Melbourne Renegades
44,2019/20,Eastern Oval,Melbourne Renegades,Melbourne Stars,Melbourne Stars,field,Melbourne Stars
20,2023/24,"Bellerive Oval, Hobart",Melbourne Stars,Hobart Hurricanes,Melbourne Stars,bat,Hobart Hurricanes
34,2019/20,Drummoyne Oval,Sydney Thunder,Brisbane Heat,Sydney Thunder,field,Brisbane Heat
7,2019/20,Karen Rolton Oval,Adelaide Strikers,Melbourne Renegades,Adelaide Strikers,bat,Melbourne Renegades
49,2022/23,"North Sydney Oval, Sydney",Brisbane Heat,Sydney Sixers,Sydney Sixers,field,Sydney Sixers
8,2024/25,"North Sydney Oval, Sydney",Sydney Thunder,Adelaide Strikers,Sydney Thunder,bat,Sydney Thunder
8,2018/19,North Sydney Oval,Brisbane Heat,Perth Scorchers,Brisbane Heat,field,Brisbane Heat
54,2020/21,North Sydney Oval,Adelaide Strikers,Perth Scorchers,Perth Scorchers,field,Adelaide Strikers
50,2017/18,Hurstville Oval,Adelaide Strikers,Sydney Sixers,Adelaide Strikers,bat,Sydney Sixers
32,2016/17,Camberwell Sports Ground,Perth Scorchers,Melbourne Renegades,Perth Scorchers,bat,Melbourne Renegades
56,2023/24,Sydney Cricket Ground,Sydney Thunder,Sydney Sixers,Sydney Thunder,bat,Sydney Sixers
2016-01-21,2015/16,Adelaide Oval,Sydney Thunder,Perth Scorchers,Sydney Thunder,bat,Sydney Thunder
17,2022/23,"Karen Rolton Oval, Adelaide",Melbourne Renegades,Adelaide Strikers,Adelaide Strikers,field,Adelaide Strikers
39,2016/17,Bellerive Oval,Brisbane Heat,Hobart Hurricanes,Brisbane Heat,bat,Hobart Hurricanes
34,2022/23,"Lilac Hill Park, Perth",Perth Scorchers,Adelaide Strikers,Perth Scorchers,bat,Adelaide Strikers
48,2017/18,Manuka Oval,Melbourne Renegades,Sydney Thunder,Sydney Thunder,field,Sydney Thunder
14,2022/23,"Western Australia Cricket Association Ground, Perth",Sydney Thunder,Perth Scorchers,Perth Scorchers,field,Sydney Thunder
15,2018/19,Bellerive Oval,Hobart Hurricanes,Sydney Sixers,Sydney Sixers,field,Sydney Sixers
54,2019/20,Hurstville Oval,Sydney Sixers,Adelaide Strikers,Adelaide Strikers,field,Sydney Sixers
36,2024/25,"Allan Border Field, Brisbane",Melbourne Stars,Brisbane Heat,Brisbane Heat,field,Brisbane Heat
32,2018/19,Hurstville Oval,Sydney Sixers,Adelaide Strikers,Adelaide Strikers,field,Sydney Sixers
43,2018/19,Harrup Park,Brisbane Heat,Adelaide Strikers,Adelaide Strikers,field,Brisbane Heat
12,2019/20,Blacktown International Sportspark,Sydney Thunder,Melbourne Renegades,Melbourne Renegades,field,Sydney Thunder
26,2018/19,Adelaide Oval,Adelaide Strikers,Melbourne Stars,Melbourne Stars,field,Adelaide Strikers
21,2022/23,"Eastern Oval, Ballarat",Hobart Hurricanes,Sydney Sixers,Sydney Sixers,field,Sydney Sixers
6,2022/23,"Great Barrier Reef Arena, Mackay",Sydney Sixers,Melbourne Stars,Melbourne Stars,field,Sydney Sixers
9,2017/18,Allan Border Field,Perth Scorchers,Brisbane Heat,Perth Scorchers,bat,Brisbane Heat
24,2024/25,"Drummoyne Oval, Sydney",Perth Scorchers,Sydney Thunder,Perth Scorchers,bat,Perth Scorchers
30,2018/19,Perth Stadium,Perth Scorchers,Brisbane Heat,Brisbane Heat,field,Brisbane Heat
5,2023/24,"North Sydney Oval, Sydney",Brisbane Heat,Perth Scorchers,Perth Scorchers,field,Brisbane Heat
9,2024/25,"North Sydney Oval, Sydney",Melbourne Stars,Sydney Sixers,Melbourne Stars,bat,Melbourne Stars
41,2018/19,"Simonds Stadium, South Geelong, Victoria",Melbourne Renegades,Hobart Hurricanes,Hobart Hurricanes,bat,Melbourne Renegades
18,2015/16,Drummoyne Oval,Sydney Sixers,Melbourne Stars,Sydney Sixers,bat,Melbourne Stars
11,2016/17,Casey Fields No. 4,Sydney Sixers,Melbourne Stars,Sydney Sixers,bat,Melbourne Stars
53,2017/18,Melbourne Cricket Ground,Hobart Hurricanes,Melbourne Stars,Melbourne Stars,field,Hobart Hurricanes
23,2017/18,Adelaide Oval,Adelaide Strikers,Brisbane Heat,Brisbane Heat,field,Brisbane Heat
35,2022/23,"Bellerive Oval, Hobart",Melbourne Renegades,Hobart Hurricanes,Hobart Hurricanes,field,Hobart Hurricanes
26,2019/20,North Sydney Oval,Sydney Sixers,Brisbane Heat,Sydney Sixers,bat,Brisbane Heat
5,2018/19,North Sydney Oval,Sydney Sixers,Perth Scorchers,Perth Scorchers,bat,Sydney Sixers
14,2020/21,Sydney Showground Stadium,Sydney Thunder,Brisbane Heat,Brisbane Heat,field,Sydney Thunder
13,2023/24,"Allan Border Field, Brisbane",Brisbane Heat,Melbourne Stars,Melbourne Stars,field,Brisbane Heat
3,2019/20,North Sydney Oval,Sydney Sixers,Brisbane Heat,Brisbane Heat,bat,Brisbane Heat
23,2019/20,West Park Oval,Hobart Hurricanes,Sydney Thunder,Sydney Thunder,field,Sydney Thunder
28,2017/18,Bellerive Oval,Hobart Hurricanes,Brisbane Heat,Brisbane Heat,field,Brisbane Heat
2,2020/21,Hurstville Oval,Hobart Hurricanes,Adelaide Strikers,Adelaide Strikers,field,Adelaide Strikers
30,2015/16,Adelaide Oval,Adelaide Strikers,Perth Scorchers,Adelaide Strikers,bat,Adelaide Strikers
26,2023/24,"Western Australia Cricket Association Ground, Perth",Perth Scorchers,Adelaide Strikers,Perth Scorchers,bat,Adelaide Strikers
32,2020/21,Blacktown International Sportspark,Sydney Thunder,Brisbane Heat,Sydney Thunder,bat,Brisbane Heat
2022-11-26,2022/23,"North Sydney Oval, Sydney",Adelaide Strikers,Sydney Sixers,Adelaide Strikers,bat,Adelaide Strikers
52,2017/18,"Brisbane Cricket Ground, Woolloongabba",Sydney Thunder,Brisbane Heat,Sydney Thunder,bat,Brisbane Heat
45,2021/22,"Ray Mitchell Oval, Harrup Park, Mackay",Brisbane Heat,Adelaide Strikers,Brisbane Heat,bat,Adelaide Strikers
39,2018/19,Melbourne Cricket Ground,Melbourne Stars,Melbourne Renegades,Melbourne Stars,field,Melbourne Renegades
46,2021/22,"Ray Mitchell Oval, Harrup Park, Mackay",Sydney Sixers,Sydney Thunder,Sydney Sixers,bat,Sydney Thunder
22,2020/21,Hurstville Oval,Melbourne Renegades,Sydney Thunder,Sydney Thunder,field,Melbourne Renegades
34,2020/21,Drummoyne Oval,Brisbane Heat,Adelaide Strikers,Adelaide Strikers,field,Brisbane Heat
26,2017/18,Casey Fields No. 4,Adelaide Strikers,Melbourne Stars,Melbourne Stars,field,Adelaide Strikers
23,2023/24,"Casey Fields No 4, Melbourne",Melbourne Stars,Sydney Thunder,Melbourne Stars,bat,Sydney Thunder
3,2023/24,"University of Tasmania Stadium, Launceston",Perth Scorchers,Hobart Hurricanes,Hobart Hurricanes,field,Perth Scorchers
37,2021/22,"Karen Rolton Oval, Adelaide",Sydney Sixers,Brisbane Heat,Sydney Sixers,bat,Brisbane Heat
7,2017/18,North Dalton Park,Sydney Sixers,Perth Scorchers,Perth Scorchers,field,Perth Scorchers
22,2022/23,"Eastern Oval, Ballarat",Melbourne Renegades,Melbourne Stars,Melbourne Stars,field,Melbourne Stars
24,2020/21,North Sydney Oval,Perth Scorchers,Melbourne Stars,Melbourne Stars,field,Melbourne Stars
22,2024/25,Sydney Cricket Ground,Sydney Thunder,Sydney Sixers,Sydney Thunder,bat,Sydney Thunder
21,2016/17,Allan Border Field,Brisbane Heat,Melbourne Stars,Brisbane Heat,bat,Brisbane Heat
37,2018/19,Aurora Stadium,Hobart Hurricanes,Brisbane Heat,Hobart Hurricanes,field,Brisbane Heat
31,2022/23,"Lilac Hill Park, Perth",Sydney Sixers,Perth Scorchers,Sydney Sixers,bat,Perth Scorchers
19,2023/24,"Junction Oval, Melbourne",Sydney Thunder,Melbourne Renegades,Sydney Thunder,bat,Sydney Thunder
24,2022/23,"Eastern Oval, Ballarat",Sydney Sixers,Melbourne Renegades,Melbourne Renegades,field,Sydney Sixers
28,2016/17,Adelaide Oval,Sydney Sixers,Adelaide Strikers,Sydney Sixers,bat,Sydney Sixers
39,2023/24,"Allan Border Field, Brisbane",Brisbane Heat,Hobart Hurricanes,Hobart Hurricanes,field,Brisbane Heat
46,2020/21,Sydney Showground Stadium,Adelaide Strikers,Melbourne Renegades,Adelaide Strikers,bat,Melbourne Renegades
36,2021/22,"Western Australia Cricket Association Ground, Perth",Hobart Hurricanes,Perth Scorchers,Hobart Hurricanes,bat,Perth Scorchers
38,2020/21,Sydney Showground Stadium,Perth Scorchers,Sydney Thunder,Perth Scorchers,bat,Perth Scorchers
23,2022/23,"Allan Border Field, Brisbane",Perth Scorchers,Brisbane Heat,Perth Scorchers,bat,Perth Scorchers
53,2020/21,Drummoyne Oval,Hobart Hurricanes,Sydney Thunder,Sydney Thunder,field,Sydney Thunder
23,2018/19,Karen Rolton Oval,Melbourne Stars,Adelaide Strikers,Melbourne Stars,field,Melbourne Stars
5,2024/25,"North Sydney Oval, Sydney",Adelaide Strikers,Sydney Sixers,Sydney Sixers,field,Adelaide Strikers
19,2018/19,Geelong Cricket Ground,Melbourne Renegades,Brisbane Heat,Brisbane Heat,bat,Brisbane Heat
35,2019/20,Nuriootpa Centennial Park,Melbourne Stars,Adelaide Strikers,Melbourne Stars,field,Adelaide Strikers
2020-11-26,2020/21,North Sydney Oval,Sydney Thunder,Brisbane Heat,Brisbane Heat,field,Sydney Thunder
55,2019/20,Junction Oval,Melbourne Stars,Brisbane Heat,Brisbane Heat,field,Brisbane Heat
7,2018/19,Junction Oval,Melbourne Renegades,Adelaide Strikers,Adelaide Strikers,bat,Melbourne Renegades
36,2023/24,"Junction Oval, Melbourne",Perth Scorchers,Sydney Thunder,Sydney Thunder,field,Perth Scorchers
56,2019/20,Lilac Hill Park,Perth Scorchers,Hobart Hurricanes,Hobart Hurricanes,field,Perth Scorchers
2,2021/22,"Bellerive Oval, Hobart",Hobart Hurricanes,Melbourne Renegades,Hobart Hurricanes,bat,Melbourne Renegades
53,2023/24,Adelaide Oval,Perth Scorchers,Adelaide Strikers,Adelaide Strikers,field,Adelaide Strikers
56,2016/17,Bellerive Oval,Melbourne Stars,Hobart Hurricanes,Melbourne Stars,bat,Hobart Hurricanes
54,2017/18,Camberwell Sports Ground,Melbourne Renegades,Perth Scorchers,Perth Scorchers,field,Perth Scorchers
54,2021/22,"Ray Mitchell Oval, Harrup Park, Mackay",Brisbane Heat,Melbourne Renegades,Brisbane Heat,bat,Brisbane Heat
55,2018/19,"Simonds Stadium, South Geelong, Victoria",Melbourne Renegades,Sydney Sixers,Sydney Sixers,bat,Sydney Sixers
40,2024/25,"Allan Border Field, Brisbane",Sydney Sixers,Brisbane Heat,Brisbane Heat,field,Brisbane Heat
26,2021/22,"Lilac Hill Park, Perth",Adelaide Strikers,Melbourne Renegades,Adelaide Strikers,bat,Melbourne Renegades
27,2016/17,Melbourne Cricket Ground,Melbourne Stars,Melbourne Renegades,Melbourne Stars,bat,Melbourne Renegades
40,2020/21,Drummoyne Oval,Hobart Hurricanes,Brisbane Heat,Hobart Hurricanes,bat,Brisbane Heat
24,2019/20,Junction Oval,Melbourne Renegades,Hobart Hurricanes,Melbourne Renegades,field,Melbourne Renegades
13,2016/17,W.A.C.A. Ground,Brisbane Heat,Perth Scorchers,Perth Scorchers,field,Perth Scorchers
48,2023/24,"Cricket Central, Sydney",Adelaide Strikers,Sydney Thunder,Sydney Thunder,field,Adelaide Strikers
25,2018/19,W.A.C.A. Ground,Perth Scorchers,Melbourne Renegades,Melbourne Renegades,field,Melbourne Renegades
35,2016/17,Docklands Stadium,Melbourne Stars,Melbourne Renegades,Melbourne Renegades,field,Melbourne Renegades
2019-01-19,2018/19,Drummoyne Oval,Sydney Thunder,Brisbane Heat,Sydney Thunder,field,Brisbane Heat
11,2023/24,"Cricket Central, Sydney",Melbourne Renegades,Sydney Thunder,Sydney Thunder,field,Sydney Thunder
18,2022/23,"Allan Border Field, Brisbane",Sydney Thunder,Brisbane Heat,Sydney Thunder,bat,Brisbane Heat
13,2018/19,Casey Fields No. 4,Melbourne Stars,Perth Scorchers,Perth Scorchers,field,Perth Scorchers
27,2015/16,W.A.C.A. Ground,Melbourne Stars,Perth Scorchers,Perth Scorchers,field,Perth Scorchers
2,2018/19,Junction Oval,Sydney Sixers,Melbourne Stars,Sydney Sixers,bat,Melbourne Stars
52,2023/24,Adelaide Oval,Brisbane Heat,Sydney Thunder,Brisbane Heat,bat,Brisbane Heat
4,2019/20,Junction Oval,Melbourne Stars,Hobart Hurricanes,Melbourne Stars,field,Hobart Hurricanes
18,2019/20,W.A.C.A. Ground,Melbourne Renegades,Sydney Sixers,Sydney Sixers,field,Sydney Sixers
11,2024/25,"Junction Oval, Melbourne",Perth Scorchers,Melbourne Renegades,Perth Scorchers,bat,Melbourne Renegades
28,2023/24,"Jubilee Park, Ringwood, Melbourne",Sydney Sixers,Melbourne Stars,Melbourne Stars,field,Sydney Sixers
52,2016/17,Bellerive Oval,Hobart Hurricanes,Melbourne Stars,Melbourne Stars,field,Melbourne Stars
16,2019/20,W.A.C.A. Ground,Perth Scorchers,Melbourne Renegades,Perth Scorchers,field,Perth Scorchers
10,2023/24,"Western Australia Cricket Association Ground, Perth",Hobart Hurricanes,Perth Scorchers,Hobart Hurricanes,bat,Perth Scorchers
14,2017/18,Camberwell Sports Ground,Melbourne Renegades,Brisbane Heat,Brisbane Heat,field,Melbourne Renegades
37,2023/24,"Junction Oval, Melbourne",Melbourne Stars,Melbourne Renegades,Melbourne Renegades,field,Melbourne Stars
16,2018/19,Casey Fields No. 4,Melbourne Stars,Perth Scorchers,Melbourne Stars,field,Melbourne Stars
14,2019/20,Allan Border Field,Brisbane Heat,Hobart Hurricanes,Brisbane Heat,field,Brisbane Heat
14,2021/22,"Invermay Park, Launceston",Brisbane Heat,Adelaide Strikers,Adelaide Strikers,field,Brisbane Heat
7,2022/23,"Blacktown International Sportspark, Sydney",Sydney Thunder,Perth Scorchers,Sydney Thunder,bat,Perth Scorchers
47,2023/24,"Junction Oval, Melbourne",Melbourne Stars,Brisbane Heat,Melbourne Stars,bat,Melbourne Stars
27,2021/22,"Aurora Stadium, Launceston",Brisbane Heat,Melbourne Stars,Brisbane Heat,bat,Melbourne Stars
16,2020/21,Drummoyne Oval,Hobart Hurricanes,Melbourne Stars,Melbourne Stars,field,Melbourne Stars
31,2021/22,"Karen Rolton Oval, Adelaide",Melbourne Renegades,Brisbane Heat,Brisbane Heat,field,Melbourne Renegades
36,2019/20,Drummoyne Oval,Sydney Sixers,Melbourne Renegades,Melbourne Renegades,field,Melbourne Renegades
3,2021/22,"Bellerive Oval, Hobart",Adelaide Strikers,Sydney Thunder,Sydney Thunder,field,Adelaide Strikers
22,2019/20,Harrup Park,Brisbane Heat,Adelaide Strikers,Adelaide Strikers,bat,Brisbane Heat
3,2017/18,North Sydney Oval,Sydney Sixers,Melbourne Stars,Melbourne Stars,field,Sydney Sixers
23,2020/21,North Sydney Oval,Sydney Sixers,Hobart Hurricanes,Sydney Sixers,bat,Sydney Sixers
18,2017/18,W.A.C.A. Ground,Melbourne Stars,Perth Scorchers,Melbourne Stars,bat,Melbourne Stars
29,2016/17,Blacktown International Sportspark,Sydney Thunder,Brisbane Heat,Brisbane Heat,field,Sydney Thunder
42,2020/21,Sydney Showground Stadium,Sydney Sixers,Brisbane Heat,Sydney Sixers,bat,Brisbane Heat
29,2024/25,Adelaide Oval,Adelaide Strikers,Hobart Hurricanes,Adelaide Strikers,bat,Adelaide Strikers
26,2016/17,Adelaide Oval,Adelaide Strikers,Perth Scorchers,Adelaide Strikers,bat,Perth Scorchers
56,2015/16,Adelaide Oval No. 2,Melbourne Renegades,Perth Scorchers,Perth Scorchers,field,Perth Scorchers
4,2024/25,"Bellerive Oval, Hobart",Hobart Hurricanes,Sydney Thunder,Sydney Thunder,field,Hobart Hurricanes
20,2024/25,"Brisbane Cricket Ground, Woolloongabba, Brisbane",Brisbane Heat,Adelaide Strikers,Adelaide Strikers,field,Brisbane Heat
4,2016/17,North Sydney Oval No.2,Adelaide Strikers,Melbourne Renegades,Adelaide Strikers,bat,Melbourne Renegades
16,2023/24,"Karen Rolton Oval, Adelaide",Adelaide Strikers,Brisbane Heat,Adelaide Strikers,bat,Adelaide Strikers
46,2016/17,Lilac Hill Park,Perth Scorchers,Melbourne Stars,Melbourne Stars,field,Perth Scorchers
18,2020/21,Blacktown International Sportspark,Adelaide Strikers,Melbourne Stars,Melbourne Stars,field,Melbourne Stars
26,2024/25,"North Sydney Oval, Sydney",Brisbane Heat,Sydney Sixers,Brisbane Heat,bat,Brisbane Heat
9,2021/22,"Bellerive Oval, Hobart",Melbourne Stars,Sydney Sixers,Sydney Sixers,field,Melbourne Stars
56,2022/23,"North Sydney Oval, Sydney",Adelaide Strikers,Sydney Thunder,Sydney Thunder,field,Adelaide Strikers
2019-12-07,2019/20,Allan Border Field,Adelaide Strikers,Perth Scorchers,Adelaide Strikers,field,Adelaide Strikers
21,2024/25,Sydney Cricket Ground,Hobart Hurricanes,Perth Scorchers,Perth Scorchers,field,Hobart Hurricanes
21,2021/22,"Lilac Hill Park, Perth",Melbourne Renegades,Sydney Sixers,Sydney Sixers,field,Melbourne Renegades
8,2019/20,Junction Oval,Melbourne Renegades,Perth Scorchers,Melbourne Renegades,field,Melbourne Renegades
8,2022/23,"Blacktown International Sportspark, Sydney",Hobart Hurricanes,Perth Scorchers,Perth Scorchers,field,Perth Scorchers
10,2022/23,"Blacktown International Sportspark, Sydney",Hobart Hurricanes,Sydney Thunder,Sydney Thunder,field,Hobart Hurricanes
16,2021/22,"Aurora Stadium, Launceston",Perth Scorchers,Sydney Thunder,Sydney Thunder,field,Perth Scorchers
18,2024/25,"Junction Oval, Melbourne",Melbourne Stars,Sydney Sixers,Sydney Sixers,field,Sydney Sixers
7,2024/25,"North Sydney Oval, Sydney",Sydney Thunder,Hobart Hurricanes,Hobart Hurricanes,field,Sydney Thunder
50,2016/17,Lilac Hill Park,Perth Scorchers,Sydney Thunder,Sydney Thunder,field,Perth Scorchers
11,2019/20,Hurstville Oval,Sydney Sixers,Melbourne Stars,Melbourne Stars,bat,Sydney Sixers
8,2020/21,"North Sydney Oval, Sydney",Adelaide Strikers,Sydney Sixers,Sydney Sixers,field,Sydney Sixers
2024-11-27,2024/25,"Drummoyne Oval, Sydney",Hobart Hurricanes,Sydney Thunder,Hobart Hurricanes,bat,Sydney Thunder
55,2023/24,Sydney Cricket Ground,Adelaide Strikers,Hobart Hurricanes,Hobart Hurricanes,field,Adelaide Strikers
43,2021/22,"Ray Mitchell Oval, Harrup Park, Mackay",Adelaide Strikers,Hobart Hurricanes,Hobart Hurricanes,field,Adelaide Strikers
29,2022/23,"Bellerive Oval, Hobart",Brisbane Heat,Sydney Thunder,Brisbane Heat,bat,Brisbane Heat
51,2022/23,"North Sydney Oval, Sydney",Sydney Sixers,Sydney Thunder,Sydney Thunder,field,Sydney Sixers
37,2024/25,"Junction Oval, Melbourne",Sydney Thunder,Melbourne Renegades,Sydney Thunder,bat,Melbourne Renegades
41,2022/23,"Karen Rolton Oval, Adelaide",Brisbane Heat,Hobart Hurricanes,Hobart Hurricanes,field,Hobart Hurricanes
49,2023/24,"Allan Border Field, Brisbane",Brisbane Heat,Sydney Sixers,Sydney Sixers,field,Sydney Sixers
29,2018/19,Sydney Showground Stadium,Sydney Thunder,Hobart Hurricanes,Sydney Thunder,field,Sydney Thunder
30,2017/18,Bellerive Oval,Brisbane Heat,Hobart Hurricanes,Hobart Hurricanes,field,Brisbane Heat
1,2022/23,"Ray Mitchell Oval, Harrup Park, Mackay",Brisbane Heat,Sydney Sixers,Sydney Sixers,field,Sydney Sixers
2021-11-27,2021/22,Perth Stadium,Perth Scorchers,Adelaide Strikers,Adelaide Strikers,field,Perth Scorchers
37,2020/21,Drummoyne Oval,Adelaide Strikers,Sydney Sixers,Sydney Sixers,field,Adelaide Strikers
9,2019/20,Allan Border Field,Adelaide Strikers,Hobart Hurricanes,Hobart Hurricanes,field,Adelaide Strikers
5,2022/23,"Great Barrier Reef Arena, Mackay",Adelaide Strikers,Melbourne Renegades,Melbourne Renegades,field,Melbourne Renegades
49,2018/19,Karen Rolton Oval,Adelaide Strikers,Hobart Hurricanes,Adelaide Strikers,bat,Adelaide Strikers
48,2016/17,Bellerive Oval,Sydney Thunder,Hobart Hurricanes,Sydney Thunder,bat,Hobart Hurricanes
44,2023/24,"Cricket Central, Sydney",Perth Scorchers,Sydney Thunder,Sydney Thunder,field,Sydney Thunder
28,2024/25,Melbourne Cricket Ground,Melbourne Renegades,Melbourne Stars,Melbourne Renegades,bat,Melbourne Renegades
6,2023/24,"North Sydney Oval, Sydney",Sydney Thunder,Sydney Sixers,Sydney Sixers,field,Sydney Thunder
17,2021/22,"Aurora Stadium, Launceston",Melbourne Stars,Sydney Thunder,Melbourne Stars,bat,Melbourne Stars
34,2016/17,Aurora Stadium,Hobart Hurricanes,Sydney Thunder,Hobart Hurricanes,bat,Hobart Hurricanes
13,2024/25,"Junction Oval, Melbourne",Adelaide Strikers,Melbourne Renegades,Adelaide Strikers,bat,Melbourne Renegades
52,2020/21,North Sydney Oval,Sydney Sixers,Melbourne Renegades,Melbourne Renegades,field,Melbourne Renegades
46,2018/19,Harrup Park,Brisbane Heat,Melbourne Renegades,Melbourne Renegades,bat,Melbourne Renegades
4,2023/24,"Karen Rolton Oval, Adelaide",Adelaide Strikers,Melbourne Stars,Melbourne Stars,field,Adelaide Strikers
45,2019/20,Bellerive Oval,Hobart Hurricanes,Adelaide Strikers,Hobart Hurricanes,field,Adelaide Strikers
1,2018/19,Junction Oval,Perth Scorchers,Hobart Hurricanes,Perth Scorchers,field,Perth Scorchers
32,2022/23,"Bellerive Oval, Hobart",Hobart Hurricanes,Brisbane Heat,Brisbane Heat,field,Brisbane Heat
38,2024/25,"Western Australia Cricket Association Ground, Perth",Perth Scorchers,Hobart Hurricanes,Perth Scorchers,bat,Hobart Hurricanes
14,2018/19,Bellerive Oval,Adelaide Strikers,Sydney Thunder,Sydney Thunder,field,Sydney Thunder
21,2018/19,"Brisbane Cricket Ground, Woolloongabba",Brisbane Heat,Melbourne Stars,Melbourne Stars,bat,Brisbane Heat
50,2023/24,"Western Australia Cricket Association Ground, Perth",Melbourne Stars,Perth Scorchers,Melbourne Stars,bat,Melbourne Stars
29,2023/24,"Karen Rolton Oval, Adelaide",Melbourne Renegades,Adelaide Strikers,Melbourne Renegades,bat,Adelaide Strikers
51,2020/21,North Sydney Oval,Hobart Hurricanes,Perth Scorchers,Perth Scorchers,field,Perth Scorchers
40,2021/22,"Karen Rolton Oval, Adelaide",Sydney Sixers,Adelaide Strikers,Sydney Sixers,bat,Adelaide Strikers
36,2016/17,Bellerive Oval,Brisbane Heat,Hobart Hurricanes,Brisbane Heat,bat,Brisbane Heat
4,2022/23,"Great Barrier Reef Arena, Mackay",Brisbane Heat,Melbourne Stars,Brisbane Heat,bat,Brisbane Heat
47,2020/21,Hurstville Oval,Melbourne Stars,Hobart Hurricanes,Hobart Hurricanes,field,Melbourne Stars
33,2020/21,Sydney Showground Stadium,Melbourne Renegades,Perth Scorchers,Perth Scorchers,field,Perth Scorchers
29,2019/20,Karen Rolton Oval,Adelaide Strikers,Melbourne Stars,Melbourne Stars,field,Adelaide Strikers
16,2024/25,"Western Australia Cricket Association Ground, Perth",Sydney Thunder,Brisbane Heat,Brisbane Heat,field,Sydney Thunder
17,2018/19,Bellerive Oval,Sydney Thunder,Adelaide Strikers,Sydney Thunder,field,Sydney Thunder
25,2023/24,"Western Australia Cricket Association Ground, Perth",Melbourne Renegades,Sydney Sixers,Sydney Sixers,field,Sydney Sixers
15,2015/16,Drummoyne Oval,Sydney Sixers,Melbourne Stars,Sydney Sixers,bat,Melbourne Stars
38,2021/22,"Karen Rolton Oval, Adelaide",Adelaide Strikers,Sydney Thunder,Adelaide Strikers,bat,Adelaide Strikers
27,2018/19,Hurstville Oval,Sydney Sixers,Brisbane Heat,Brisbane Heat,bat,Brisbane Heat
36,2020/21,Sydney Showground Stadium,Sydney Thunder,Melbourne Stars,Melbourne Stars,field,Melbourne Stars
2018-02-04,2017/18,Adelaide Oval,Perth Scorchers,Sydney Sixers,Perth Scorchers,bat,Sydney Sixers
20,2021/22,"University Oval, Hobart",Melbourne Stars,Hobart Hurricanes,Hobart Hurricanes,field,Hobart Hurricanes
52,2018/19,Junction Oval,Melbourne Renegades,Hobart Hurricanes,Hobart Hurricanes,field,Melbourne Renegades
45,2023/24,"North Sydney Oval, Sydney",Sydney Sixers,Adelaide Strikers,Adelaide Strikers,field,Adelaide Strikers
22,2018/19,Manuka Oval,Sydney Thunder,Hobart Hurricanes,Sydney Thunder,field,Sydney Thunder
12,2017/18,Bellerive Oval,Sydney Sixers,Hobart Hurricanes,Sydney Sixers,bat,Sydney Sixers
46,2022/23,"Latrobe Recreation Ground, Latrobe",Hobart Hurricanes,Melbourne Stars,Melbourne Stars,field,Melbourne Stars
39,2022/23,"Junction Oval, Melbourne",Perth Scorchers,Melbourne Renegades,Melbourne Renegades,field,Perth Scorchers
34,2017/18,Traeger Park,Perth Scorchers,Adelaide Strikers,Adelaide Strikers,field,Adelaide Strikers
28,2021/22,"Lilac Hill Park, Perth",Sydney Sixers,Perth Scorchers,Sydney Sixers,bat,Sydney Sixers
55,2017/18,Hurstville Oval,Adelaide Strikers,Sydney Sixers,Adelaide Strikers,bat,Sydney Sixers
28,2019/20,Junction Oval,Melbourne Renegades,Hobart Hurricanes,Melbourne Renegades,field,Melbourne Renegades
2022-11-24,2022/23,"Karen Rolton Oval, Adelaide",Brisbane Heat,Adelaide Strikers,Brisbane Heat,bat,Adelaide Strikers
6,2018/19,West Park Oval,Hobart Hurricanes,Melbourne Stars,Melbourne Stars,field,Melbourne Stars
49,2021/22,"Ray Mitchell Oval, Harrup Park, Mackay",Hobart Hurricanes,Melbourne Renegades,Melbourne Renegades,field,Hobart Hurricanes
34,2018/19,Docklands Stadium,Melbourne Renegades,Melbourne Stars,Melbourne Renegades,field,Melbourne Renegades
22,2017/18,Aurora Stadium,Hobart Hurricanes,Sydney Thunder,Hobart Hurricanes,bat,Sydney Thunder
31,2019/20,Invermay Park,Hobart Hurricanes,Sydney Sixers,Hobart Hurricanes,field,Sydney Sixers
12,2023/24,"Allan Border Field, Brisbane",Adelaide Strikers,Hobart Hurricanes,Hobart Hurricanes,field,Hobart Hurricanes
2,2023/24,"Junction Oval, Melbourne",Brisbane Heat,Melbourne Renegades,Melbourne Renegades,field,Brisbane Heat
52,2021/22,Adelaide Oval,Sydney Sixers,Adelaide Strikers,Sydney Sixers,bat,Adelaide Strikers
45,2020/21,Hurstville Oval,Perth Scorchers,Brisbane Heat,Brisbane Heat,field,Brisbane Heat
19,2017/18,Adelaide Oval,Adelaide Strikers,Brisbane Heat,Brisbane Heat,field,Brisbane Heat
13,2017/18,Gliderol Stadium,Melbourne Renegades,Adelaide Strikers,Melbourne Renegades,bat,Melbourne Renegades
6,2024/25,"Allan Border Field, Brisbane",Brisbane Heat,Melbourne Renegades,Melbourne Renegades,field,Brisbane Heat
18,2018/19,Bellerive Oval,Sydney Sixers,Hobart Hurricanes,Hobart Hurricanes,field,Sydney Sixers
42,2019/20,Bellerive Oval,Hobart Hurricanes,Brisbane Heat,Hobart Hurricanes,field,Brisbane Heat
38,2018/19,Adelaide Oval,Adelaide Strikers,Sydney Sixers,Sydney Sixers,bat,Sydney Sixers
30,2024/25,"Drummoyne Oval, Sydney",Melbourne Stars,Brisbane Heat,Brisbane Heat,field,Brisbane Heat
50,2022/23,"North Sydney Oval, Sydney",Hobart Hurricanes,Adelaide Strikers,Adelaide Strikers,field,Adelaide Strikers
9,2023/24,"North Sydney Oval, Sydney",Sydney Sixers,Brisbane Heat,Brisbane Heat,field,Brisbane Heat
15,2021/22,"Aurora Stadium, Launceston",Sydney Sixers,Melbourne Renegades,Melbourne Renegades,field,Melbourne Renegades
29,2021/22,"Western Australia Cricket Association Ground, Perth",Sydney Sixers,Hobart Hurricanes,Hobart Hurricanes,field,Sydney Sixers
41,2017/18,Hurstville Oval,Sydney Sixers,Brisbane Heat,Sydney Sixers,bat,Sydney Sixers
18,2023/24,"Western Australia Cricket Association Ground, Perth",Perth Scorchers,Sydney Sixers,Perth Scorchers,bat,Perth Scorchers
40,2018/19,Sydney Showground Stadium,Sydney Thunder,Sydney Sixers,Sydney Thunder,field,Sydney Thunder
19,2022/23,"Allan Border Field, Brisbane",Adelaide Strikers,Brisbane Heat,Brisbane Heat,field,Adelaide Strikers
35,2018/19,Lilac Hill Park,Perth Scorchers,Sydney Thunder,Sydney Thunder,field,Perth Scorchers
51,2017/18,Camberwell Sports Ground,Perth Scorchers,Melbourne Renegades,Melbourne Renegades,field,Melbourne Renegades
43,2016/17,W.A.C.A. Ground,Adelaide Strikers,Perth Scorchers,Perth Scorchers,field,Perth Scorchers
10,2019/20,Allan Border Field,Brisbane Heat,Perth Scorchers,Perth Scorchers,field,Perth Scorchers
25,2024/25,"Bellerive Oval, Hobart",Hobart Hurricanes,Adelaide Strikers,Adelaide Strikers,field,Hobart Hurricanes
44,2021/22,"Ray Mitchell Oval, Harrup Park, Mackay",Sydney Sixers,Brisbane Heat,Brisbane Heat,field,Brisbane Heat
50,2018/19,"Brisbane Cricket Ground, Woolloongabba",Brisbane Heat,Melbourne Stars,Brisbane Heat,field,Brisbane Heat
2019-12-08,2019/20,Allan Border Field,Adelaide Strikers,Brisbane Heat,Brisbane Heat,field,Brisbane Heat
27,2017/18,Melbourne Cricket Ground,Melbourne Renegades,Melbourne Stars,Melbourne Renegades,bat,Melbourne Stars
30,2020/21,Blacktown International Sportspark,Hobart Hurricanes,Melbourne Renegades,Melbourne Renegades,field,Hobart Hurricanes
48,2020/21,Sydney Showground Stadium,Sydney Sixers,Sydney Thunder,Sydney Thunder,field,Sydney Sixers
19,2020/21,Blacktown International Sportspark,Sydney Thunder,Perth Scorchers,Perth Scorchers,field,Sydney Thunder
2,2016/17,North Sydney Oval,Adelaide Strikers,Melbourne Renegades,Melbourne Renegades,field,Adelaide Strikers
2020-11-25,2020/21,North Sydney Oval,Perth Scorchers,Melbourne Stars,Melbourne Stars,field,Melbourne Stars
52,2022/23,"Ted Summerton Reserve, Moe",Melbourne Stars,Perth Scorchers,Perth Scorchers,field,Melbourne Stars
5,2016/17,North Sydney Oval,Perth Scorchers,Hobart Hurricanes,Perth Scorchers,bat,Perth Scorchers
43,2020/21,Hurstville Oval,Melbourne Stars,Perth Scorchers,Perth Scorchers,field,Melbourne Stars
17,2024/25,"Western Australia Cricket Association Ground, Perth",Perth Scorchers,Melbourne Renegades,Melbourne Renegades,field,Perth Scorchers
32,2019/20,Junction Oval,Melbourne Stars,Brisbane Heat,Brisbane Heat,field,Brisbane Heat
15,2019/20,Bankstown Oval,Sydney Thunder,Melbourne Stars,Sydney Thunder,field,Sydney Thunder
8,2017/18,Lavington Sports Oval,Melbourne Stars,Sydney Thunder,Sydney Thunder,field,Sydney Thunder
12,2018/19,North Sydney Oval,Sydney Thunder,Brisbane Heat,Sydney Thunder,bat,Sydney Thunder
48,2022/23,"Latrobe Recreation Ground, Latrobe",Hobart Hurricanes,Melbourne Stars,Melbourne Stars,field,Hobart Hurricanes
2,2017/18,Gliderol Stadium,Adelaide Strikers,Hobart Hurricanes,Hobart Hurricanes,field,Adelaide Strikers
6,2017/18,North Sydney Oval,Sydney Thunder,Sydney Sixers,Sydney Thunder,bat,Sydney Sixers
22,2023/24,"Western Australia Cricket Association Ground, Perth",Melbourne Renegades,Perth Scorchers,Melbourne Renegades,bat,Perth Scorchers
36,2018/19,Aurora Stadium,Hobart Hurricanes,Brisbane Heat,Hobart Hurricanes,field,Hobart Hurricanes
49,2017/18,Melbourne Cricket Ground,Hobart Hurricanes,Melbourne Stars,Melbourne Stars,field,Melbourne Stars
18,2016/17,Allan Border Field,Melbourne Stars,Brisbane Heat,Brisbane Heat,field,Melbourne Stars
16,2017/18,Docklands Stadium,Brisbane Heat,Melbourne Renegades,Brisbane Heat,bat,Melbourne Renegades
31,2020/21,Blacktown International Sportspark,Sydney Sixers,Perth Scorchers,Sydney Sixers,bat,Perth Scorchers
1,2017/18,North Sydney Oval,Sydney Thunder,Melbourne Renegades,Melbourne Renegades,field,Sydney Thunder
9,2022/23,"Ray Mitchell Oval, Harrup Park, Mackay",Brisbane Heat,Melbourne Renegades,Melbourne Renegades,field,Brisbane Heat
23,2024/25,"Karen Rolton Oval, Adelaide",Adelaide Strikers,Melbourne Renegades,Melbourne Renegades,field,Melbourne Renegades
2019-12-07,2019/20,Allan Border Field,Brisbane Heat,Melbourne Renegades,Brisbane Heat,field,Brisbane Heat
30,2016/17,Adelaide Oval,Adelaide Strikers,Sydney Sixers,Adelaide Strikers,bat,Sydney Sixers
31,2017/18,W.A.C.A. Ground,Sydney Thunder,Perth Scorchers,Perth Scorchers,field,Perth Scorchers
1,2020/21,North Sydney Oval,Perth Scorchers,Brisbane Heat,Brisbane Heat,field,Brisbane Heat
47,2015/16,Waverley Oval,Sydney Sixers,Hobart Hurricanes,Sydney Sixers,bat,Sydney Sixers
44,2016/17,Allan Border Field,Melbourne Renegades,Brisbane Heat,Brisbane Heat,field,Brisbane Heat
35,2020/21,Sydney Showground Stadium,Sydney Sixers,Hobart Hurricanes,Sydney Sixers,bat,Hobart Hurricanes
33,2022/23,"Bellerive Oval, Hobart",Sydney Thunder,Melbourne Renegades,Sydney Thunder,bat,Melbourne Renegades
32,2021/22,"Karen Rolton Oval, Adelaide",Melbourne Stars,Adelaide Strikers,Adelaide Strikers,field,Melbourne Stars
10,2024/25,"Junction Oval, Melbourne",Brisbane Heat,Hobart Hurricanes,Brisbane Heat,bat,Hobart Hurricanes
30,2019/20,W.A.C.A. Ground,Perth Scorchers,Sydney Thunder,Sydney Thunder,field,Perth Scorchers
13,2019/20,Allan Border Field,Adelaide Strikers,Perth Scorchers,Adelaide Strikers,field,Adelaide Strikers
9,2020/21,Sydney Showground Stadium,Sydney Thunder,Adelaide Strikers,Adelaide Strikers,field,Sydney Thunder
38,2022/23,"Karen Rolton Oval, Adelaide",Hobart Hurricanes,Adelaide Strikers,Adelaide Strikers,field,Hobart Hurricanes
2023-11-29,2023/24,"Western Australia Cricket Association Ground, Perth",Brisbane Heat,Perth Scorchers,Brisbane Heat,bat,Brisbane Heat
33,2019/20,Drummoyne Oval,Sydney Thunder,Sydney Sixers,Sydney Thunder,field,Sydney Sixers
6,2019/20,North Sydney Oval,Sydney Thunder,Brisbane Heat,Brisbane Heat,bat,Sydney Thunder
54,2022/23,"North Sydney Oval, Sydney",Hobart Hurricanes,Sydney Sixers,Sydney Sixers,field,Sydney Sixers
25,2016/17,Hurstville Oval,Hobart Hurricanes,Sydney Sixers,Hobart Hurricanes,bat,Sydney Sixers
2,2019/20,Karen Rolton Oval,Adelaide Strikers,Melbourne Renegades,Adelaide Strikers,field,Adelaide Strikers
32,2023/24,"North Sydney Oval, Sydney",Sydney Thunder,Melbourne Stars,Sydney Thunder,bat,Sydney Thunder
20,2019/20,Harrup Park,Brisbane Heat,Adelaide Strikers,Adelaide Strikers,field,Adelaide Strikers
4,2018/19,Junction Oval,Melbourne Renegades,Sydney Thunder,Sydney Thunder,field,Sydney Thunder
25,2021/22,"Aurora Stadium, Launceston",Sydney Thunder,Hobart Hurricanes,Sydney Thunder,bat,Sydney Thunder
4,2017/18,North Sydney Oval,Perth Scorchers,Brisbane Heat,Perth Scorchers,bat,Perth Scorchers
51,2021/22,Adelaide Oval,Melbourne Stars,Perth Scorchers,Perth Scorchers,field,Perth Scorchers
14,2024/25,"Western Australia Cricket Association Ground, Perth",Perth Scorchers,Brisbane Heat,Brisbane Heat,field,Perth Scorchers
8,2016/17,Lavington Sports Oval,Melbourne Stars,Sydney Thunder,Melbourne Stars,bat,Sydney Thunder
47,2022/23,"Manuka Oval, Canberra",Sydney Thunder,Melbourne Renegades,Melbourne Renegades,field,Melbourne Renegades
48,2021/22,"Ray Mitchell Oval, Harrup Park, Mackay",Melbourne Renegades,Sydney Thunder,Sydney Thunder,field,Melbourne Renegades
36,2022/23,"Lilac Hill Park, Perth",Brisbane Heat,Perth Scorchers,Perth Scorchers,field,Brisbane Heat
30,2021/22,"Western Australia Cricket Association Ground, Perth",Perth Scorchers,Melbourne Renegades,Perth Scorchers,bat,Perth Scorchers
43,2022/23,"Junction Oval, Melbourne",Melbourne Renegades,Melbourne Stars,Melbourne Stars,field,Melbourne Stars
2018-02-02,2017/18,Adelaide Oval,Sydney Sixers,Adelaide Strikers,Sydney Sixers,bat,Sydney Sixers
38,2023/24,"Bellerive Oval, Hobart",Hobart Hurricanes,Sydney Sixers,Sydney Sixers,field,Sydney Sixers
2024-11-29,2024/25,"Allan Border Field, Brisbane",Sydney Thunder,Brisbane Heat,Brisbane Heat,field,Brisbane Heat
56,2020/21,Drummoyne Oval,Brisbane Heat,Melbourne Renegades,Melbourne Renegades,field,Brisbane Heat
33,2018/19,Lilac Hill Park,Perth Scorchers,Sydney Thunder,Perth Scorchers,field,Perth Scorchers
26,2020/21,North Sydney Oval,Adelaide Strikers,Melbourne Renegades,Adelaide Strikers,bat,Adelaide Strikers
1,2019/20,North Sydney Oval,Sydney Sixers,Sydney Thunder,Sydney Sixers,bat,Sydney Sixers
2,2024/25,Adelaide Oval,Melbourne Renegades,Sydney Sixers,Sydney Sixers,field,Sydney Sixers
12,2016/17,Howell Oval,Sydney Thunder,Adelaide Strikers,Sydney Thunder,bat,Adelaide Strikers
27,2024/25,Melbourne Cricket Ground,Perth Scorchers,Sydney Thunder,Perth Scorchers,bat,Sydney Thunder
40,2022/23,"Junction Oval, Melbourne",Sydney Sixers,Melbourne Stars,Melbourne Stars,field,Sydney Sixers
53,2021/22,"Ray Mitchell Oval, Harrup Park, Mackay",Hobart Hurricanes,Sydney Thunder,Hobart Hurricanes,bat,Hobart Hurricanes
42,2016/17,North Sydney Oval,Sydney Sixers,Hobart Hurricanes,Hobart Hurricanes,field,Sydney Sixers
14,2023/24,"Junction Oval, Melbourne",Sydney Sixers,Melbourne Renegades,Sydney Sixers,bat,Sydney Sixers
46,2023/24,"Junction Oval, Melbourne",Melbourne Renegades,Hobart Hurricanes,Hobart Hurricanes,field,Hobart Hurricanes
50,2019/20,Junction Oval,Melbourne Stars,Melbourne Renegades,Melbourne Renegades,field,Melbourne Renegades
27,2023/24,"North Sydney Oval, Sydney",Sydney Thunder,Brisbane Heat,Brisbane Heat,field,Sydney Thunder
7,2021/22,"Bellerive Oval, Hobart",Brisbane Heat,Perth Scorchers,Perth Scorchers,field,Brisbane Heat
35,2021/22,Adelaide Oval,Melbourne Stars,Melbourne Renegades,Melbourne Stars,bat,Melbourne Renegades
51,2016/17,North Sydney Oval,Sydney Sixers,Melbourne Renegades,Melbourne Renegades,field,Melbourne Renegades
2021-11-25,2021/22,Adelaide Oval,Melbourne Renegades,Adelaide Strikers,Adelaide Strikers,field,Adelaide Strikers
19,2021/22,"University Oval, Hobart",Melbourne Renegades,Sydney Thunder,Melbourne Renegades,bat,Melbourne Renegades
5,2019/20,Junction Oval,Melbourne Stars,Hobart Hurricanes,Hobart Hurricanes,field,Hobart Hurricanes
30,2022/23,"Lilac Hill Park, Perth",Melbourne Stars,Adelaide Strikers,Adelaide Strikers,field,Adelaide Strikers
54,2018/19,Traeger Park,Perth Scorchers,Adelaide Strikers,Adelaide Strikers,bat,Perth Scorchers
1,2021/22,"Bellerive Oval, Hobart",Melbourne Stars,Sydney Sixers,Sydney Sixers,field,Sydney Sixers
2018-02-01,2017/18,Perth Stadium,Perth Scorchers,Sydney Thunder,Sydney Thunder,field,Perth Scorchers
41,2020/21,Hurstville Oval,Adelaide Strikers,Hobart Hurricanes,Hobart Hurricanes,field,Adelaide Strikers
44,2020/21,Sydney Showground Stadium,Melbourne Renegades,Sydney Thunder,Sydney Thunder,field,Sydney Thunder
45,2022/23,"Karen Rolton Oval, Adelaide",Brisbane Heat,Adelaide Strikers,Brisbane Heat,bat,Brisbane Heat
24,2018/19,Sydney Cricket Ground,Sydney Sixers,Brisbane Heat,Sydney Sixers,bat,Sydney Sixers
39,2019/20,Junction Oval,Melbourne Stars,Perth Scorchers,Perth Scorchers,field,Perth Scorchers
32,2017/18,Adelaide Oval,Melbourne Stars,Adelaide Strikers,Melbourne Stars,bat,Adelaide Strikers
17,2023/24,"University of Tasmania Stadium, Launceston",Hobart Hurricanes,Sydney Thunder,Hobart Hurricanes,bat,Hobart Hurricanes
42,2022/23,"Junction Oval, Melbourne",Perth Scorchers,Sydney Sixers,Sydney Sixers,field,Sydney Sixers
53,2019/20,Junction Oval,Melbourne Renegades,Sydney Thunder,Sydney Thunder,field,Melbourne Renegades
24,2017/18,Camberwell Sports Ground,Sydney Sixers,Melbourne Renegades,Melbourne Renegades,field,Sydney Sixers
13,2022/23,"Karen Rolton Oval, Adelaide",Adelaide Strikers,Sydney Sixers,Sydney Sixers,field,Adelaide Strikers
49,2016/17,"Brisbane Cricket Ground, Woolloongabba",Adelaide Strikers,Brisbane Heat,Brisbane Heat,field,Brisbane Heat
33,2017/18,Harrup Park,Melbourne Stars,Brisbane Heat,Melbourne Stars,bat,Brisbane Heat
2017-01-25,2016/17,"Brisbane Cricket Ground, Woolloongabba",Sydney Sixers,Hobart Hurricanes,Sydney Sixers,bat,Sydney Sixers
49,2020/21,Drummoyne Oval,Melbourne Stars,Brisbane Heat,Brisbane Heat,field,Brisbane Heat
17,2020/21,Blacktown International Sportspark,Melbourne Renegades,Hobart Hurricanes,Hobart Hurricanes,field,Hobart Hurricanes
54,2023/24,Melbourne Cricket Ground,Melbourne Stars,Melbourne Renegades,Melbourne Stars,bat,Melbourne Stars
27,2019/20,Karen Rolton Oval,Perth Scorchers,Sydney Thunder,Sydney Thunder,field,Perth Scorchers
43,2023/24,"Allan Border Field, Brisbane",Melbourne Renegades,Brisbane Heat,Brisbane Heat,field,Melbourne Renegades
41,2016/17,Lilac Hill Park,Melbourne Stars,Adelaide Strikers,Adelaide Strikers,field,Melbourne Stars
27,2020/21,North Sydney Oval,Melbourne Stars,Brisbane Heat,Brisbane Heat,field,Melbourne Stars
2017-01-24,2016/17,W.A.C.A. Ground,Brisbane Heat,Perth Scorchers,Perth Scorchers,field,Perth Scorchers
2017-01-28,2016/17,W.A.C.A. Ground,Sydney Sixers,Perth Scorchers,Perth Scorchers,field,Sydney Sixers
45,2018/19,Bankstown Oval,Sydney Thunder,Melbourne Stars,Melbourne Stars,field,Sydney Thunder
2,2022/23,"Blacktown International Sportspark, Sydney",Hobart Hurricanes,Sydney Thunder,Sydney Thunder,field,Hobart Hurricanes
37,2019/20,Drummoyne Oval,Brisbane Heat,Perth Scorchers,Brisbane Heat,field,Brisbane Heat
25,2019/20,Karen Rolton Oval,Adelaide Strikers,Perth Scorchers,Adelaide Strikers,field,Perth Scorchers
6,2021/22,"Bellerive Oval, Hobart",Hobart Hurricanes,Melbourne Stars,Melbourne Stars,field,Hobart Hurricanes
45,2017/18,Lilac Hill Park,Hobart Hurricanes,Perth Scorchers,Perth Scorchers,field,Perth Scorchers
1,2023/24,"North Sydney Oval, Sydney",Melbourne Stars,Sydney Sixers,Sydney Sixers,field,Melbourne Stars
20,2020/21,Blacktown International Sportspark,Sydney Sixers,Brisbane Heat,Sydney Sixers,bat,Sydney Sixers
56,2018/19,Melbourne Cricket Ground,Melbourne Stars,Sydney Sixers,Sydney Sixers,bat,Melbourne Stars
32,2024/25,"Karen Rolton Oval, Adelaide",Adelaide Strikers,Perth Scorchers,Perth Scorchers,field,Adelaide Strikers
55,2020/21,North Sydney Oval,Melbourne Stars,Sydney Sixers,Sydney Sixers,field,Sydney Sixers
3,2024/25,"Western Australia Cricket Association Ground, Perth",Perth Scorchers,Melbourne Stars,Melbourne Stars,field,Perth Scorchers
20,2015/16,"Brisbane Cricket Ground, Woolloongabba",Adelaide Strikers,Brisbane Heat,Adelaide Strikers,bat,Brisbane Heat
24,2021/22,"Aurora Stadium, Launceston",Brisbane Heat,Hobart Hurricanes,Hobart Hurricanes,field,Brisbane Heat
10,2016/17,Queen Elizabeth II Oval,Hobart Hurricanes,Melbourne Renegades,Melbourne Renegades,field,Hobart Hurricanes
29,2020/21,Blacktown International Sportspark,Adelaide Strikers,Melbourne Stars,Melbourne Stars,field,Melbourne Stars
15,2023/24,"Junction Oval, Melbourne",Melbourne Stars,Perth Scorchers,Melbourne Stars,bat,Melbourne Stars
2020-11-29,2020/21,North Sydney Oval,Melbourne Stars,Sydney Thunder,Melbourne Stars,bat,Sydney Thunder
22,2021/22,"Aurora Stadium, Launceston",Sydney Thunder,Melbourne Stars,Sydney Thunder,bat,Sydney Thunder
7,2023/24,"Junction Oval, Melbourne",Melbourne Renegades,Adelaide Strikers,Adelaide Strikers,field,Melbourne Renegades
28,2018/19,W.A.C.A. Ground,Perth Scorchers,Melbourne Renegades,Melbourne Renegades,field,Perth Scorchers
50,2021/22,"Ray Mitchell Oval, Harrup Park, Mackay",Sydney Thunder,Brisbane Heat,Sydney Thunder,bat,Sydney Thunder
2019-01-26,2018/19,Drummoyne Oval,Sydney Sixers,Brisbane Heat,Sydney Sixers,bat,Brisbane Heat
18,2021/22,"Aurora Stadium, Launceston",Hobart Hurricanes,Brisbane Heat,Brisbane Heat,field,Brisbane Heat
27,2022/23,"North Sydney Oval, Sydney",Sydney Sixers,Sydney Thunder,Sydney Sixers,bat,Sydney Sixers
39,2021/22,"Karen Rolton Oval, Adelaide",Melbourne Stars,Perth Scorchers,Melbourne Stars,bat,Perth Scorchers
33,2024/25,"Drummoyne Oval, Sydney",Melbourne Stars,Sydney Thunder,Sydney Thunder,field,Sydney Thunder
40,2023/24,"Karen Rolton Oval, Adelaide",Sydney Thunder,Adelaide Strikers,Adelaide Strikers,field,Adelaide Strikers
56,2017/18,Allan Border Field,Sydney Thunder,Brisbane Heat,Brisbane Heat,field,Sydney Thunder
47,2018/19,Sydney Showground Stadium,Sydney Thunder,Melbourne Renegades,Sydney Thunder,field,Sydney Thunder
1,2024/25,Adelaide Oval,Adelaide Strikers,Brisbane Heat,Brisbane Heat,field,Brisbane Heat
12,2022/23,"Karen Rolton Oval, Adelaide",Brisbane Heat,Melbourne Renegades,Melbourne Renegades,field,Brisbane Heat
35,2017/18,Sydney Cricket Ground,Sydney Sixers,Sydney Thunder,Sydney Sixers,bat,Sydney Thunder
28,2022/23,"Bellerive Oval, Hobart",Melbourne Renegades,Hobart Hurricanes,Hobart Hurricanes,field,Hobart Hurricanes
35,2024/25,"Bellerive Oval, Hobart",Melbourne Renegades,Hobart Hurricanes,Melbourne Renegades,bat,Melbourne Renegades
15,2016/17,Casey Fields No. 4,Sydney Sixers,Melbourne Stars,Melbourne Stars,field,Melbourne Stars
11,2017/18,Gliderol Stadium,Adelaide Strikers,Melbourne Renegades,Melbourne Renegades,field,Adelaide Strikers
2022-11-23,2022/23,"Karen Rolton Oval, Adelaide",Brisbane Heat,Hobart Hurricanes,Hobart Hurricanes,field,Brisbane Heat
34,2023/24,"Junction Oval, Melbourne",Melbourne Renegades,Perth Scorchers,Perth Scorchers,field,Perth Scorchers
2021-11-24,2021/22,Adelaide Oval,Brisbane Heat,Adelaide Strikers,Adelaide Strikers,field,Adelaide Strikers
2016-01-22,2015/16,Melbourne Cricket Ground,Hobart Hurricanes,Sydney Sixers,Hobart Hurricanes,bat,Sydney Sixers
35,2023/24,"Great Barrier Reef Arena, Mackay",Adelaide Strikers,Brisbane Heat,Adelaide Strikers,bat,Brisbane Heat
50,2020/21,Drummoyne Oval,Adelaide Strikers,Sydney Thunder,Sydney Thunder,field,Sydney Thunder
24,2023/24,"Bellerive Oval, Hobart",Hobart Hurricanes,Brisbane Heat,Brisbane Heat,field,Brisbane Heat
8,2021/22,"Bellerive Oval, Hobart",Melbourne Renegades,Adelaide Strikers,Melbourne Renegades,bat,Adelaide Strikers
38,2017/18,Traeger Park,Adelaide Strikers,Perth Scorchers,Perth Scorchers,field,Adelaide Strikers
26,2015/16,W.A.C.A. Ground,Melbourne Stars,Perth Scorchers,Melbourne Stars,bat,Perth Scorchers
19,2019/20,W.A.C.A. Ground,Perth Scorchers,Melbourne Stars,Perth Scorchers,field,Melbourne Stars
33,2023/24,"North Sydney Oval, Sydney",Sydney Sixers,Hobart Hurricanes,Hobart Hurricanes,field,Sydney Sixers
47,2019/20,Lilac Hill Park,Perth Scorchers,Sydney Sixers,Perth Scorchers,field,Perth Scorchers
39,2017/18,Bellerive Oval,Hobart Hurricanes,Melbourne Renegades,Melbourne Renegades,field,Hobart Hurricanes
21,2023/24,"Western Australia Cricket Association Ground, Perth",Sydney Sixers,Adelaide Strikers,Adelaide Strikers,field,Adelaide Strikers
2023-11-28,2023/24,"Western Australia Cricket Association Ground, Perth",Brisbane Heat,Sydney Thunder,Sydney Thunder,field,Brisbane Heat
41,2023/24,"North Sydney Oval, Sydney",Perth Scorchers,Sydney Sixers,Sydney Sixers,field,Perth Scorchers
49,2019/20,Manuka Oval,Sydney Thunder,Melbourne Stars,Melbourne Stars,field,Sydney Thunder
3,2022/23,"Great Barrier Reef Arena, Mackay",Sydney Sixers,Adelaide Strikers,Sydney Sixers,bat,Sydney Sixers
26,2022/23,"North Sydney Oval, Sydney",Melbourne Stars,Adelaide Strikers,Adelaide Strikers,field,Melbourne Stars
